INSERT INTO IDENTIFICATION_TYPE (ID_IDENTIFICATION_TYPE,`DESCRIPTION`, ABBREVIATION) 
VALUES 
(0,'NO APLICA','N/A');

INSERT INTO IDENTIFICATION_TYPE (`DESCRIPTION`, ABBREVIATION) 
VALUES 
('Tarjeta de Identidad','TI'),
('Cedula de Ciudadania','CC'),
('Cedula de Extranjeria','CE');

INSERT INTO CUSTOMERS
VALUES
('0000001','Jhon','Doe','0000000','N/A',1);

INSERT INTO EMPLOYEES
VALUES
('1217652135','Carlos','Leon','3146589025','Cll 45 #38-79',2);

INSERT INTO USERS (EMAIL, USERNAME, `PASSWORD`, FK_IDENTIFICATION_NUMBER_EMPLOYEE)
VALUES ('carlos.leon@example.com','Carlos','carlos','1217652135');

INSERT INTO PRODUCTS
VALUES
('A12B34C56D78E90F','ACETAMINOFEN 500 MG (COASPHARMA) CAJA X 300 TAB', 0, TRUE),
('G23H45I67J89K01L','Enjuague bucal colgate plax soft mint', 19, TRUE),
('M34N56O78P90Q12R','VITAMINA C 500 MG TABLETAS MASTICABLES NARANJA CAJA X 10 UND', 0, TRUE),
('S45T67U89V01W23X','Acido acetilsalicilico 100 mg (genfar) caja x 30 tab', 0, TRUE),
('Y56Z78A90B12C34D','Ibudol soft 400 mg CAJA X 30 CAPSULA BLANDA', 0, TRUE),
('E67F89G01H23I45J','ASPIRINA 100 ESTUCHE X 140 TAB', 0, TRUE),
('K78L90M12N34O56P','Leche de magnesia (coaspharma) frasco x 120 ml', 0, TRUE),
('Q89R01S23T45U67V','Pax noche limon sobre x 1', 0, TRUE),
('W90X12Y34Z56A78B','Crema dental colgate sensitive pro alivio inmediato sensibilidad tubo x 90 gr', 19.00, TRUE),
('C01D23E45F67G89H','Acondicionador konzil crecimiento y fuerza prebiotico activo frasco x 375 ml', 19.00, TRUE),
('I12J34K56L67M89N','Champu savital sabila y colageno frasco x 550 ml', 19.00, TRUE),
('O23P45Q56R78S90T','Jabon dove blanco tripack und x 1 und', 19.00, TRUE),
('U34V56W67X89Y01Z','Champu maria salome control caspa sin sal frasco x 400 ml', 19.00, TRUE),
('B45C56D78E90F12G','Crema dental fluocardent multiaccion blancura caja x 3 und', 19.00, TRUE);

INSERT INTO STOCK (QUANTITY, UPDATE_AT, FK_PRODUCT_CODE)
VALUES
(100, NOW(),'A12B34C56D78E90F'),
(50,  NOW(),'G23H45I67J89K01L'),
(30,  NOW(),'M34N56O78P90Q12R'),
(15,  NOW(),'S45T67U89V01W23X'),
(96,  NOW(),'Y56Z78A90B12C34D'),
(150, NOW(),'E67F89G01H23I45J'),
(25,  NOW(),'K78L90M12N34O56P'),
(96,  NOW(),'Q89R01S23T45U67V'),
(100, NOW(),'W90X12Y34Z56A78B'),
(52,  NOW(),'C01D23E45F67G89H'),
(62,  NOW(),'I12J34K56L67M89N'),
(47,  NOW(),'O23P45Q56R78S90T'),
(88,  NOW(),'U34V56W67X89Y01Z'),
(75,  NOW(),'B45C56D78E90F12G');

INSERT INTO PRODUCT_COST (PRICE, `START_DATE`, END_DATE, FK_PRODUCT_CODE)
VALUES
(54000, NOW(),NULL,'A12B34C56D78E90F'),
(9150,  NOW(),NULL,'G23H45I67J89K01L'),
(4400,  NOW(),NULL,'M34N56O78P90Q12R'),
(15850, NOW(),NULL,'S45T67U89V01W23X'),
(34550, NOW(),NULL,'Y56Z78A90B12C34D'),
(74500, NOW(),NULL,'E67F89G01H23I45J'),
(8150,  NOW(),NULL,'K78L90M12N34O56P'),
(2340,  NOW(),NULL,'Q89R01S23T45U67V'),
(29000, NOW(),NULL,'W90X12Y34Z56A78B'),
(10650, NOW(),NULL,'C01D23E45F67G89H'),
(19190, NOW(),NULL,'I12J34K56L67M89N'),
(15550, NOW(),NULL,'O23P45Q56R78S90T'),
(25250, NOW(),NULL,'U34V56W67X89Y01Z'),
(8850,  NOW(),NULL,'B45C56D78E90F12G');